variable,pct_missing
n_ai_models,65.8
ai_models,65.8
ai_open,53
comp_model,49.8
log_comp,49.8
comp_yearly,47.9
ai_complex_ok,42.5
job_sat,40.3
ai_human,39.5
ai_frustration,34.9
n_languages,34.3
languages,34.3
ai_agent_user,34
ai_sentiment,32.4
ai_sent_score,32.4
ai_trust,31.3
ai_trust_score,31.3
ai_trusts,31.3
ai_select_raw,30.5
ai_user,30.5
ai_usage,30.5
ai_daily,30.5
org_size,27.8
region,27.2
country,27.2
industry,27.2
remote_work,26.8
ai_threat,25.8
years_code,11.4
exp_bucket,11.4
dev_type,10.5
work_exp,8.4
education,3
age_group,0.5
age_numeric,0.5
ResponseId,0
main_branch,0
comp_outlier,0
