exp_bucket,ai_trust,n,pct
0-2,Highly distrust,27,0.0598669623059867
0-2,Somewhat distrust,57,0.12638580931263857
0-2,Neither trust nor distrust,99,0.21951219512195122
0-2,Somewhat trust,217,0.4811529933481153
0-2,Highly trust,51,0.1130820399113082
3-5,Highly distrust,295,0.10999254287844892
3-5,Somewhat distrust,579,0.21588366890380314
3-5,Neither trust nor distrust,613,0.2285607755406413
3-5,Somewhat trust,1041,0.38814317673378074
3-5,Highly trust,154,0.05741983594332588
6-10,Highly distrust,1203,0.16934121621621623
6-10,Somewhat distrust,1847,0.25999436936936937
6-10,Neither trust nor distrust,1599,0.22508445945945946
6-10,Somewhat trust,2271,0.31967905405405406
6-10,Highly trust,184,0.0259009009009009
11-20,Highly distrust,2171,0.21102255054432348
11-20,Somewhat distrust,2764,0.2686625194401244
11-20,Neither trust nor distrust,2164,0.21034214618973562
11-20,Somewhat trust,2941,0.2858670295489891
11-20,Highly trust,248,0.02410575427682737
20+,Highly distrust,2318,0.23362225357790767
20+,Somewhat distrust,2805,0.2827050997782705
20+,Neither trust nor distrust,2072,0.2088288651481556
20+,Somewhat trust,2525,0.25448498286635757
20+,Highly trust,202,0.020358798629308606
