variable,years_code,work_exp,age_numeric,log_comp,job_sat,ai_sent_score,ai_trust_score,n_languages,n_ai_models
years_code,1,0.8552553500644471,0.7799456182157329,0.37866318849930347,0.09423738444813706,-0.0739812878782257,-0.11845685249776124,0.013517439558095284,-0.04287781111162963
work_exp,0.8552553500644471,1,0.8593496676658919,0.35205584190142897,0.10593445627221794,-0.017143605658336888,-0.037676152354585823,-0.010671054205822443,-0.034873987342027665
age_numeric,0.7799456182157329,0.8593496676658919,1,0.3432964472253315,0.08445821939102684,0.007294908096259737,-0.010028112260645115,-0.09242384663407988,-0.07506137634725062
log_comp,0.37866318849930347,0.35205584190142897,0.3432964472253315,1,0.08853944118963535,-0.08931278830723531,-0.15345649866831707,0.01554718593963451,-0.05374782781336831
job_sat,0.09423738444813706,0.10593445627221794,0.08445821939102684,0.08853944118963535,1,0.07775765744206999,0.0510347703946574,0.014883045779079587,0.015124440699764662
ai_sent_score,-0.0739812878782257,-0.017143605658336888,0.007294908096259737,-0.08931278830723531,0.07775765744206999,1,0.6325244082528576,-0.04472609764983168,0.17626641403036486
ai_trust_score,-0.11845685249776124,-0.037676152354585823,-0.010028112260645115,-0.15345649866831707,0.0510347703946574,0.6325244082528576,1,-0.06888787216981676,0.09970264686317075
n_languages,0.013517439558095284,-0.010671054205822443,-0.09242384663407988,0.01554718593963451,0.014883045779079587,-0.04472609764983168,-0.06888787216981676,1,0.26941380364933365
n_ai_models,-0.04287781111162963,-0.034873987342027665,-0.07506137634725062,-0.05374782781336831,0.015124440699764662,0.17626641403036486,0.09970264686317075,0.26941380364933365,1
