dev_type,0,1
Academic researcher,250,564
AI/ML engineer,37,418
"Architect, software or solutions",376,1759
Cloud infrastructure engineer,64,253
Cybersecurity or InfoSec professional,63,199
Data engineer,96,487
Data or business analyst,65,155
Data scientist,71,358
"Developer, back-end",912,3957
"Developer, desktop or enterprise applications",478,1036
"Developer, embedded applications or devices",349,649
"Developer, front-end",189,1233
"Developer, full-stack",1648,7748
"Developer, game or graphics",130,178
"Developer, mobile",143,869
"Developer, QA or test",56,195
DevOps engineer or professional,175,664
Engineering manager,121,699
"Founder, technology or otherwise",44,282
Other (please specify):,302,717
Project manager,40,155
Retired,138,96
"Senior executive (C-suite, VP, etc.)",52,357
Student,222,751
System administrator,113,192
Other role,255,697
