term,estimate,std.error,statistic,p.value,conf.low,conf.high,pct_effect
(Intercept),8.5662,0.069,124.1314,0,8.431,8.7015,525035.0477
years_code,0.0177,9e-4,19.5197,0,0.0159,0.0194,1.783
age_numeric,0.0068,9e-4,7.3981,0,0.005,0.0086,0.6812
educationBachelor's,0.1124,0.0155,7.2315,0,0.082,0.1429,11.8998
educationMaster's,0.1792,0.0169,10.5881,0,0.146,0.2123,19.6232
educationDoctorate/Professional,0.2669,0.0285,9.3532,0,0.211,0.3229,30.5966
regionAsia & Middle East,0.283,0.0468,6.0526,0,0.1914,0.3747,32.7168
regionEurope,1.0427,0.0441,23.6669,0,0.9563,1.1291,183.6851
regionLatin America,0.3208,0.0498,6.4397,0,0.2231,0.4184,37.818
regionNorth America,1.7128,0.0447,38.2963,0,1.6251,1.8005,454.4523
regionOceania,1.3287,0.0535,24.8455,0,1.2238,1.4335,277.5947
regionOther,0.4334,0.0579,7.4898,0,0.3199,0.5468,54.2431
remote_workHybrid,0.0177,0.018,0.9859,0.3242,-0.0175,0.0529,1.7873000000000001
remote_workIn-person,-0.2051,0.022,-9.3205,0,-0.2483,-0.162,-18.5463
remote_workRemote,0.0238,0.0186,1.2746,0.2025,-0.0128,0.0603,2.4047
org_sizeMedium (20-999),0.264,0.0158,16.7364,0,0.233,0.2949,30.2067
org_sizeLarge (1000+),0.4187,0.0172,24.4004,0,0.3851,0.4524,52.0033
dev_typeAI/ML engineer,0.6835,0.0605,11.2896,0,0.5648,0.8022,98.0832
"dev_typeArchitect, software or solutions",0.6237,0.0456,13.6906,0,0.5344,0.713,86.5891
dev_typeCloud infrastructure engineer,0.7493,0.0662,11.3262,0,0.6196,0.8789,111.546
dev_typeCybersecurity or InfoSec professional,0.6369,0.0734,8.6759,0,0.493,0.7807,89.0519
dev_typeData engineer,0.4715,0.0549,8.5845,0,0.3639,0.5792,60.2423
dev_typeData or business analyst,0.0581,0.0778,0.7477,0.4547,-0.0943,0.2106,5.9863
dev_typeData scientist,0.5116,0.0597,8.5666,0,0.3946,0.6287,66.8033
"dev_typeDeveloper, back-end",0.5208,0.0424,12.2713,0,0.4376,0.604,68.3344
"dev_typeDeveloper, desktop or enterprise applications",0.3276,0.0472,6.9435,0,0.2351,0.4201,38.7615
"dev_typeDeveloper, embedded applications or devices",0.4722,0.0498,9.4764,0,0.3745,0.5698,60.3465
"dev_typeDeveloper, front-end",0.3743,0.0482,7.7737,0,0.2799,0.4687,45.4013
"dev_typeDeveloper, full-stack",0.4447,0.0415,10.7213,0,0.3634,0.526,56.007
"dev_typeDeveloper, game or graphics",0.4297,0.0754,5.7,0,0.2819,0.5775,53.6814
"dev_typeDeveloper, mobile",0.4448,0.0519,8.5721,0,0.3431,0.5465,56.0193
"dev_typeDeveloper, QA or test",0.148,0.0748,1.9781,0.0479,0.0013,0.2946,15.9471
dev_typeDevOps engineer or professional,0.5314,0.0512,10.3727,0,0.431,0.6319,70.1397
dev_typeEngineering manager,0.803,0.0511,15.7181,0,0.7029,0.9031,123.2222
"dev_typeFounder, technology or otherwise",0.7133,0.0835,8.542,0,0.5496,0.8769,104.0619
dev_typeOther (please specify):,0.3506,0.0518,6.7668,0,0.249,0.4521,41.9865
dev_typeProject manager,0.4938,0.0843,5.8544,0,0.3284,0.6591,63.8468
dev_typeRetired,-0.8803,0.3404,-2.5862,0.0097,-1.5475,-0.2131,-58.5355
"dev_typeSenior executive (C-suite, VP, etc.)",0.8819,0.0636,13.8669,0,0.7573,1.0066,141.5566
dev_typeStudent,-0.585,0.0804,-7.2792,0,-0.7426,-0.4275,-44.2914
dev_typeSystem administrator,0.1686,0.0704,2.3941,0.0167,0.0306,0.3066,18.3593
dev_typeOther role,0.4741,0.0515,9.2027,0,0.3731,0.5751,60.6558
ai_user,0.0176,0.0147,1.1976,0.2311,-0.0112,0.0465,1.7792
n_languages,0.001,0.002,0.4886,0.6251,-0.0029,0.0048,0.0966
