term,estimate,se,t_value,p_value,odds_ratio,conf_low,conf_high,kind
years_code,-0.0317,0.0023,-13.7774,0,0.9688,0.9644,0.9732,predictor
age_numeric,0.0435,0.0023,18.7868,0,1.0445,1.0397,1.0492,predictor
educationBachelor's,0.1158,0.0371,3.1203,0.0018,1.1227,1.044,1.2074,predictor
educationMaster's,0.2119,0.0404,5.2387,0,1.236,1.1418,1.338,predictor
educationDoctorate/Professional,-0.0039,0.0728,-0.0531,0.9577,0.9961,0.8637,1.1489,predictor
regionAsia & Middle East,0.104,0.107,0.9718,0.3311,1.1096,0.8997,1.3684,predictor
regionEurope,-0.9275,0.1021,-9.0866,0,0.3956,0.3238,0.4832,predictor
regionLatin America,-0.3038,0.1164,-2.6096,0.0091,0.738,0.5874,0.9272,predictor
regionNorth America,-1.0491,0.1043,-10.0621,0,0.3503,0.2855,0.4297,predictor
regionOceania,-1.1213,0.126,-8.902,0,0.3259,0.2546,0.4171,predictor
regionOther,-0.2291,0.131,-1.7493,0.0802,0.7953,0.6152,1.028,predictor
remote_workHybrid,0.1644,0.0436,3.7695,2e-4,1.1787,1.0821,1.2839,predictor
remote_workIn-person,0.2343,0.053,4.423,0,1.2641,1.1394,1.4024,predictor
remote_workRemote,0.1018,0.0446,2.2825,0.0225,1.1072,1.0145,1.2084,predictor
org_sizeMedium (20-999),0.0185,0.0362,0.511,0.6094,1.0186,0.949,1.0935,predictor
org_sizeLarge (1000+),0.0664,0.0401,1.6556,0.0978,1.0687,0.9879,1.1561,predictor
dev_typeAI/ML engineer,0.7609,0.1867,4.0745,0,2.1402,1.4842,3.0861,predictor
"dev_typeArchitect, software or solutions",0.5454,0.1583,3.4448,6e-4,1.7254,1.265,2.3532,predictor
dev_typeCloud infrastructure engineer,0.2264,0.2054,1.102,0.2704,1.254,0.8384,1.8756,predictor
dev_typeCybersecurity or InfoSec professional,0.6783,0.2519,2.6927,0.0071,1.9705,1.2027,3.2284,predictor
dev_typeData engineer,0.6097,0.1763,3.4589,5e-4,1.8399,1.3024,2.5993,predictor
dev_typeData or business analyst,0.9962,0.2991,3.331,9e-4,2.708,1.5069,4.8666,predictor
dev_typeData scientist,0.6064,0.1936,3.1321,0.0017,1.8339,1.2548,2.6803,predictor
"dev_typeDeveloper, back-end",0.3924,0.15310000000000001,2.563,0.0104,1.4805,1.0967,1.9986,predictor
"dev_typeDeveloper, desktop or enterprise applications",0.6056,0.16,3.7847,2e-4,1.8324,1.3391,2.5074,predictor
"dev_typeDeveloper, embedded applications or devices",0.2492,0.1643,1.5161,0.1295,1.2829,0.9296,1.7705,predictor
"dev_typeDeveloper, front-end",0.6075,0.1615,3.7609,2e-4,1.8359,1.3376,2.5197,predictor
"dev_typeDeveloper, full-stack",0.5051,0.1517,3.3304,9e-4,1.6572,1.231,2.2308,predictor
"dev_typeDeveloper, game or graphics",0.2809,0.2071,1.3561,0.1751,1.3243,0.8824,1.9873,predictor
"dev_typeDeveloper, mobile",0.6226,0.1664,3.7423,2e-4,1.8638,1.3452,2.5823,predictor
"dev_typeDeveloper, QA or test",0.7733,0.2194,3.5251,4e-4,2.1669,1.4096,3.3311,predictor
dev_typeDevOps engineer or professional,0.387,0.1728,2.2399,0.0251,1.4726,1.0495,2.0662,predictor
dev_typeEngineering manager,0.5906,0.1718,3.4381,6e-4,1.805,1.289,2.5276,predictor
"dev_typeFounder, technology or otherwise",1.0265,0.2352,4.365,0,2.7912,1.7604,4.4256,predictor
dev_typeOther (please specify):,0.1973,0.1836,1.0746,0.2826,1.2181,0.85,1.7457,predictor
dev_typeProject manager,0.9572,0.2963,3.2298,0.0012,2.6043,1.4569,4.6552,predictor
dev_typeRetired,3.3635,1.9325,1.7405,0.0818,28.8909,0.6544,1275.5673,predictor
"dev_typeSenior executive (C-suite, VP, etc.)",0.495,0.1972,2.5106,0.0121,1.6405,1.1147,2.4143,predictor
dev_typeStudent,0.4412,0.2329,1.8943,0.0582,1.5545,0.9848,2.4539,predictor
dev_typeSystem administrator,0.7512,0.3268,2.2988,0.0215,2.1196,1.1171,4.0217,predictor
dev_typeOther role,0.5513,0.1819,3.0314,0.0024,1.7354,1.2151,2.4786,predictor
job_sat,0.0419,0.0072,5.8003,0,1.0428,1.0281,1.0577,predictor
n_languages,-0.0491,0.0048,-10.1337,0,0.9521,0.9431,0.9612,predictor
ai_usageMonthly/rarely,0.8868,0.0491,18.076,0,2.4272,2.2047,2.6722,predictor
ai_usageWeekly,1.6593,0.0463,35.8585,0,5.2556,4.7999,5.7545,predictor
ai_usageDaily,2.4147,0.0414,58.2815,0,11.186,10.3135,12.1322,predictor
Highly distrust|Somewhat distrust,0.9055,0.2064,4.3871,0,2.4732,1.6503,3.7064,cut-point
Somewhat distrust|Neither trust nor distrust,2.5506,0.2074,12.3002,0,12.8147,8.5349,19.2406,cut-point
Neither trust nor distrust|Somewhat trust,3.6709,0.208,17.6461,0,39.2881,26.1326,59.0663,cut-point
Somewhat trust|Highly trust,6.9751,0.214,32.5908,0,1069.6879,703.1995,1627.1802,cut-point
